<?xml version="1.0" encoding="utf-8" ?> 
<hibernate-mapping xmlns="urn:nhibernate-mapping-2.0">
	<class name="AjFirstExample.Domain.Supplier, AjFirstExample.Domain" table="ajfe_suppliers">
		<id name="Id" column="Id" type="Int32" unsaved-value="0">
			<generator class="native"/>
		</id>
		<property column="Name" type="String" name="Name" length="255"/>
		<property column="Address" type="String" name="Address" length="255"/>
		<property column="Notes" type="String" name="Notes" length="255"/>
	</class>
</hibernate-mapping>
