<?xml version="1.0" encoding="utf-8" ?> 
<!DOCTYPE hibernate-mapping PUBLIC
    "-//Hibernate/Hibernate Mapping DTD 3.0//EN"
    "http://hibernate.sourceforge.net/hibernate-mapping-3.0.dtd">

<hibernate-mapping>

	<class name="com.ajlopez.ajtest.domain.entities.Task" table="tasks">
		<id name="Id" column="Id" type="int" unsaved-value="0">
			<generator class="native"/>
		</id>
		<property column="Description" type="string" name="Description"/>
		<many-to-one name="Employee" column="IdEmployee" class="com.ajlopez.ajtest.model.Employee" />
		<many-to-one name="Project" column="IdProject" class="com.ajlopez.ajtest.model.Project" />
	</class>
</hibernate-mapping>
