<?xml version="1.0" encoding="utf-8" ?> 
<!DOCTYPE hibernate-mapping PUBLIC
    "-//Hibernate/Hibernate Mapping DTD 3.0//EN"
    "http://hibernate.sourceforge.net/hibernate-mapping-3.0.dtd">

<hibernate-mapping>

	<class name="com.ajlopez.ajtest.domain.entities.Department" table="departments">
		<id name="Id" column="Id" type="int" unsaved-value="0">
			<generator class="native"/>
		</id>
		<property column="Description" type="string" name="Description"/>
		<bag name="Employees" lazy="true" inverse="true" cascade="all">
			<key column="IdDepartment"/>
			<one-to-many class="com.ajlopez.ajtest.domain.entities.Employee"/>
		</bag>	
	</class>
</hibernate-mapping>
