<?xml version="1.0" encoding="utf-8" ?> 
<!DOCTYPE hibernate-mapping PUBLIC
    "-//Hibernate/Hibernate Mapping DTD 3.0//EN"
    "http://hibernate.sourceforge.net/hibernate-mapping-3.0.dtd">

<hibernate-mapping>

	<class name="com.ajlopez.ajtest.domain.entities.Employee" table="employees">
		<id name="Id" column="Id" type="int" unsaved-value="0">
			<generator class="native"/>
		</id>
		<property column="EmployeeCode" type="string" name="EmployeeCode"/>
		<property column="LastName" type="string" name="LastName"/>
		<property column="FirstName" type="string" name="FirstName"/>
		<many-to-one name="Department" column="IdDepartment" class="com.ajlopez.ajtest.model.Department" />
		<bag name="Tasks" lazy="true" inverse="true" cascade="all">
			<key column="IdEmployee"/>
			<one-to-many class="com.ajlopez.ajtest.domain.entities.Task"/>
		</bag>	
		<bag name="EmployeeSkills" lazy="true" inverse="true" cascade="all">
			<key column="IdEmployee"/>
			<one-to-many class="com.ajlopez.ajtest.domain.entities.EmployeeSkill"/>
		</bag>	
	</class>
</hibernate-mapping>
