<Entity>
	<Name>Employee</Name>
	<Description>Employee Entity</Description>
	<SetName>Employees</SetName>
	<Descriptor>Employee</Descriptor>
	<SetDescriptor>Employees</SetDescriptor>
	<SqlTable>employees</SqlTable>
	
	<Properties>

		<Property>
			<Name>Id</Name>
			<Type>Id</Type>
		</Property>

		<Property>
			<Name>Name</Name>
			<Type>Text</Type>
			<SqlType>varchar(200)</SqlType>
		</Property>

		<Property>
			<Name>IdDepartment</Name>
			<Type>IdRef</Type>
			<SqlType>int</SqlType>
			<Reference>Department</Reference>
		</Property>

		<Property>
			<Name>Address</Name>
			<Type>Text</Type>
			<SqlType>text</SqlType>
		</Property>

		<Property>
			<Name>Notes</Name>
			<Type>Text</Type>
			<SqlType>text</SqlType>
		</Property>

	</Properties>
</Entity>

