<?xml version="1.0" encoding="ISO-8859-1" standalone="yes"?>
<Entity>
	<Name>Visit</Name>
	<Description>Visit</Description>
	<SetName>Visits</SetName>
	<Descriptor>Visit</Descriptor>
	<SetDescriptor>Visits</SetDescriptor>
	<SqlTable>visits</SqlTable>
	<Properties>
		<Property>
			<Name>Id</Name>
			<Description>Id</Description>
			<Type>Id</Type>
			<SqlType>int</SqlType>
		</Property>

		<Property>
			<Name>IdItem</Name>
			<Description>Item</Description>
			<Type>IdRef</Type>
			<SqlType>int</SqlType>
			<Reference>Item</Reference>
		</Property>

		<Property>
			<Name>IdUser</Name>
			<Description>User</Description>
			<Type>IdRef</Type>
			<SqlType>int</SqlType>
			<Reference>User</Reference>
		</Property>

		<Property>
			<Name>Date</Name>
			<Description>Date</Description>
			<Type>Date</Type>
			<SqlType>datetime</SqlType>
		</Property>
	</Properties>
</Entity>
