<?xml version="1.0" encoding="ISO-8859-1" standalone="yes"?>
<Entity>
	<Name>Tag</Name>
	<Description>Tag</Description>
	<SetName>Tags</SetName>
	<Descriptor>Tag</Descriptor>
	<SetDescriptor>Tags</SetDescriptor>
	<SqlTable>tags</SqlTable>

	<Properties>
		<Property>
			<Name>Id</Name>
			<Description>Id</Description>
			<Type>Id</Type>
			<SqlType>int</SqlType>
		</Property>

		<Property>
			<Name>Name</Name>
			<Description>Name</Description>
			<Type>Text</Type>
			<SqlType>varchar(200)</SqlType>
			<Required>true</Required>
		</Property>
	</Properties>
</Entity>
