<?xml version="1.0" encoding="ISO-8859-1" standalone="yes"?>
<Entity>
	<Name>Word</Name>
	<Description>Word</Description>
	<SetName>Words</SetName>
	<Descriptor>Word</Descriptor>
	<SetDescriptor>Words</SetDescriptor>
	<SqlTable>words</SqlTable>
	<Properties>
		<Property>
			<Name>Id</Name>
			<Description>Id</Description>
			<Type>Id</Type>
			<SqlType>int</SqlType>
		</Property>

		<Property>
			<Name>Word</Name>
			<Description>Word(s)</Description>
			<Type>Text</Type>
			<SqlType>varchar(30)</SqlType>
		</Property>

		<Property>
			<Name>IdCategory</Name>
			<Description>Category</Description>
			<Type>IdRef</Type>
			<SqlType>int</SqlType>
			<Reference>WordCategory</Reference>
		</Property>

		<Property>
			<Name>Definition</Name>
			<Description>Definition</Description>
			<Type>Text</Type>
			<SqlType>text</SqlType>
		</Property>

	</Properties>
</Entity>
