<?xml version="1.0" encoding="ISO-8859-1" standalone="yes"?>
<Entity>
	<Name>Employee</Name>
	<Description>Employee</Description>
	<SetName>Employees</SetName>
	<Descriptor>Employee</Descriptor>
	<SetDescriptor>Employees</SetDescriptor>
	<SqlTable>employees</SqlTable>
	<Properties>
		<Property>
			<Name>Id</Name>
			<Description>Id</Description>
			<Type>Id</Type>
			<SqlType>int</SqlType>
		</Property>

		<Property>
			<Name>EmployeeCode</Name>
			<Description>Code</Description>
			<Type>Text</Type>
			<SqlType>varchar(20)</SqlType>
		</Property>

		<Property>
			<Name>LastName</Name>
			<Description>Last Name</Description>
			<Type>Text</Type>
			<SqlType>varchar(100)</SqlType>
		</Property>

		<Property>
			<Name>FirstName</Name>
			<Description>First Name</Description>
			<Type>Text</Type>
			<SqlType>varchar(100)</SqlType>
		</Property>
		<Property>
			<Name>IdDepartment</Name>
			<Description>Department</Description>
			<Type>IdRef</Type>
			<SqlType>int</SqlType>
			<Reference>Department</Reference>
		</Property>
	</Properties>
</Entity>
