<?xml version="1.0" encoding="ISO-8859-1" standalone="yes"?>
<Entity>
	<Name>UserRole</Name>
	<Description>UserRole</Description>
	<SetName>UserRoles</SetName>
	<Descriptor>UserRole</Descriptor>
	<SetDescriptor>UserRoles</SetDescriptor>
	<SqlTable>usersroles</SqlTable>

	<Properties>

		<Property>
			<Name>Id</Name>
			<Description>Id</Description>
			<Type>Id</Type>
			<SqlType>int</SqlType>
		</Property>

		<Property>
			<Name>IdUser</Name>
			<Description>User</Description>
			<Type>IdRef</Type>
			<SqlType>int</SqlType>
			<Reference>User</Reference>
		</Property>

		<Property>
			<Name>IdRole</Name>
			<Description>Role</Description>
			<Type>IdRef</Type>
			<SqlType>int</SqlType>
			<Reference>Role</Reference>
		</Property>
	</Properties>
</Entity>
