<?xml version="1.0" encoding="ISO-8859-1" standalone="yes"?>
<Entity>
	<Name>WordCategory</Name>
	<Description>Word Category</Description>
	<SetName>WordCategories</SetName>
	<Descriptor>Word Category</Descriptor>
	<SetDescriptor>Word Categories</SetDescriptor>
	<SqlTable>wordcategories</SqlTable>
	<Properties>
		<Property>
			<Name>Id</Name>
			<Description>Id</Description>
			<Type>Id</Type>
			<SqlType>int</SqlType>
		</Property>

		<Property>
			<Name>Description</Name>
			<Description>Description</Description>
			<Type>Text</Type>
			<SqlType>varchar(50)</SqlType>
		</Property>

	</Properties>
</Entity>
