<?xml version="1.0" encoding="ISO-8859-1" standalone="yes"?>
<Entity>
	<Name>Project</Name>
	<Description>Project</Description>
	<SetName>Projects</SetName>
	<Descriptor>Project</Descriptor>
	<SetDescriptor>Projects</SetDescriptor>
	<SqlTable>projects</SqlTable>
	<Properties>
		<Property>
			<Name>Id</Name>
			<Description>Id</Description>
			<Type>Id</Type>
			<SqlType>int</SqlType>
		</Property>

		<Property>
			<Name>Description</Name>
			<Description>Description</Description>
			<Type>Text</Type>
			<SqlType>varchar(200)</SqlType>
			<Required>true</Required>
		</Property>
	</Properties>
</Entity>
