<?xml version="1.0" encoding="ISO-8859-1" standalone="yes"?>
<Project>
	<Name>AjEnglish</Name>
	<Description>AjEnglish</Description>
	<Company>ajlopez.com</Company>
	<CompanyName>ajlopez</CompanyName>
	<SystemName>AjEnglish</SystemName>
	<Language>En</Language>
	<Model>
		<Entities>
			<Entity Source="Entities/Word.xml"/>
			<Entity Source="Entities/WordCategory.xml"/>
		</Entities>
		<Lists>
			<List Entity="Word"/>
			<List Entity="WordCategory"/>
		</Lists>
		<Forms>
			<Form Entity="Word"/>
			<Form Entity="WordCategory"/>
		</Forms>
		<Views>
			<View Entity="Word"/>
			<View Entity="WordCategory"/>
		</Views>
	</Model>
</Project>
